{
	"accuracy": 0.9973544973544973,
	"precision": 0.9978632478632479,
	"recall": 0.997716894977169,
	"f1": 0.9977753058954394
}